<?xml version="1.0" encoding="UTF-8"?>
<project-private xmlns="http://www.netbeans.org/ns/project-private/1">
    <editor-bookmarks xmlns="http://www.netbeans.org/ns/editor-bookmarks/2" lastBookmarkId="0"/>
    <open-files xmlns="http://www.netbeans.org/ns/projectui-open-files/2">
        <group>
            <file>file:/C:/Users/Vladas/Desktop/ERIKA/BookStoreHelper/src/BookStore/Controller.java</file>
            <file>file:/C:/Users/Vladas/Desktop/ERIKA/BookStoreHelper/src/BookStore/BookMVCMain.java</file>
            <file>file:/C:/Users/Vladas/Desktop/ERIKA/BookStoreHelper/src/BookStore/Book.java</file>
            <file>file:/C:/Users/Vladas/Desktop/ERIKA/BookStoreHelper/src/BookStore/BookGUI.java</file>
        </group>
    </open-files>
</project-private>
